name,constellation,RA_deg,Dec_deg,magnitude,Distance_ly
* zet And,Andromeda,11.834690416666666,24.267178333333334,4.059999942779541,55.529950078574885
* pi. And,Andromeda,9.22021375,33.719343333333335,4.360000133514404,176.7940172904549
* lam And,Andromeda,354.39101124999996,46.458151111111114,3.819999933242798,25.924466474479956
* omi And,Andromeda,345.4802704166666,42.32601527777778,3.619999885559082,107.46794768460308
* phi And,Andromeda,17.37552333333333,47.241794166666665,4.25,219.7802197802198
* eps And,Andromeda,9.638947499999999,29.311753055555556,4.380000114440918,51.961278455295115
* nu. And,Andromeda,12.453526249999998,41.07891083333334,4.53000020980835,172.80707817792216
* ups Per,Andromeda,24.498158333333333,48.628211944444445,3.569999933242798,53.91155270662951
* sig And,Andromeda,4.5819054166666655,36.785224444444445,4.519999980926514,43.00298440711785
* iot And,Andromeda,354.5341679166666,43.268072777777775,4.289999961853027,155.48955887612146
* gam01 And,Andromeda,30.97480083333333,42.329728333333335,2.0999999046325684,120.48192771084337
* bet And,Andromeda,17.433015833333332,35.620557500000004,2.049999952316284,60.53268765133172
* kap And,Andromeda,355.1021154166666,44.33393277777778,4.139999866485596,51.52939236540522
* del And,Andromeda,9.831679583333333,30.860983333333333,3.2799999713897705,31.67213010911049
* alf And,Pegasus,2.096915833333333,29.09043111111111,2.059999942779541,29.744199881023203
* eta And,Andromeda,14.301667499999997,23.417650000000002,4.420000076293945,79.60262370247723
* mu. And,Andromeda,14.188370833333332,38.49933416666667,3.869999885559082,37.44673202369629
* eps Ant,Antlia,142.31133166666663,-35.95133722222222,4.510000228881836,215.75438520787935
* alf Ant,Antlia,156.78791916666665,-31.06777888888889,4.25,112.27250783100742
* iot Ant,Antlia,164.17937999999998,-37.13776722222222,4.599999904632568,63.6407606343711
* gam Aps,Apus,248.36284374999997,-78.89714805555556,3.8540000915527344,46.94108424516389
* del01 Aps,Apus,245.08667291666663,-78.69574833333334,4.679999828338623,190.44716995505448
* bet Aps,Apus,250.7694104166666,-77.51743305555556,4.239999771118164,47.724723793161054
* alf Aps,Apus,221.96546249999997,-79.04475333333333,3.7980000972747803,152.65078080874383
* zet Aql,Aquila,286.35253333333327,13.863477222222222,2.990000009536743,26.155483889529698
* bet Aql,Aquila,298.8283033333333,6.406764166666667,3.7100000381469727,13.600834547207816
* lam Aql,Aquila,286.56224416666663,-4.882562500000001,3.430000066757202,39.0001911009364
* del Aql,Aquila,291.37458875,3.1147794444444443,3.359999895095825,15.52553951249806
* eps Aql,Aquila,284.90565124999995,15.068280833333333,4.019999980926514,54.99914751321355
* tet Aql,Aquila,302.8261941666666,-0.8214633333333333,3.2200000286102295,70.08346941206977
* gam Aql,Aquila,296.5649120833333,10.61325861111111,2.7200000286102295,178.89407681711657
* eta Aql,Aquila,298.11820374999996,1.0056586111111112,3.799999952316284,272.3682418629988
* iot Aql,Aquila,294.18032374999996,-1.2865994444444444,4.360000133514404,176.45086725601257
* i Aql,Aquila,285.42011999999994,-5.739089444444445,4.019999980926514,46.36734996684734
* alf Aql,Aquila,297.69582708333326,8.868321111111111,0.7599999904632568,5.12952038984355
* pi. Aqr,Aquarius,336.3192625,1.3773983333333333,4.639999866485596,336.0102147105272
* psi02 Aqr,Aquarius,349.47589041666663,-9.18251861111111,4.400000095367432,123.15270935960592
* eps Aqr,Aquarius,311.91895625,-9.495776666666666,3.7699999809265137,74.83965603694085
* bet Aqr,Aquarius,322.88971666666663,-5.571174722222222,2.890000104904175,167.4256630056255
* zet01 Aqr,Aquarius,337.2078599999999,-0.02054472222222222,4.489999771118164,29.025469849793193
* iot Aqr,Aquarius,331.60928041666665,-13.869680555555556,4.269999980926514,64.54111268878276
* tet Aqr,Aquarius,334.20848583333327,-7.783288611111111,4.159999847412109,58.51614753091115
* phi Aqr,Aquarius,348.58065916666663,-6.0490063888888885,4.21999979019165,69.69515339903263
* gam Aqr,Aquarius,335.4140479166666,-1.3873491666666666,3.8340001106262207,38.677088852876224
* eta Aqr,Aquarius,338.83908875,-0.11749722222222223,4.03000020980835,54.43391450609388
* del Aqr,Aquarius,343.6625258333333,-15.820819444444444,3.2799999713897705,43.20568932517034
* c02 Aqr,Aquarius,347.36164999999994,-21.172415,3.640000104904175,78.92036934732855
* b01 Aqr,Aquarius,350.74260749999996,-20.100581944444446,3.9800000190734863,50.36311808136666
* alf Aqr,Aquarius,331.44598124999993,-0.3198508333333333,2.940000057220459,202.2203797698732
* lam Aqr,Aquarius,343.1536416666666,-7.579596666666666,3.7899999618530273,111.90689346463742
* tau Aqr,Aquarius,342.3979204166666,-13.592628333333334,3.9800000190734863,99.82929191083248
* tet Ara,Ara,271.65778374999996,-50.091479722222225,3.6600000858306885,339.328130302002
* bet Ara,Ara,261.32494916666667,-55.52988166666667,2.8499999046325684,219.29343654744412
* del Ara,Ara,262.7746395833333,-60.68384472222222,3.619999885559082,69.11423200265399
* zet Ara,Ara,254.6550520833333,-55.990138611111114,3.0759999752044678,173.235166738848
* alf Ara,Ara,262.96038124999995,-49.876145,2.950000047683716,81.9672131147541
* gam Ara,Ara,261.34858041666666,-56.37772611111111,3.3399999141693115,341.29692832764505
* eps01 Ara,Ara,254.89603375000002,-53.16043777777778,4.050000190734863,112.96882060551287
* eta Ara,Ara,252.44648416666664,-59.041379166666665,3.74399995803833,93.46405839634369
* gam01 Ari,Aries,28.382579999999997,19.295952777777778,4.589000225067139,52.96357694813277
* bet Ari,Aries,28.660045416666662,20.80803138888889,2.6500000953674316,17.985611510791365
* alf Ari,Aries,31.793357083333326,23.4624175,2.009999990463257,20.177562550443906
*  41 Ari,Aries,42.495971666666655,27.260507222222223,3.5940001010894775,50.78720162519045
* eta Aur,Auriga,76.62872541666665,41.234475555555555,3.180000066757202,71.32260641332877
* alf Aur,Auriga,79.17232791666666,45.99799138888889,0.07999999821186066,13.123359580052494
* bet Aur,Auriga,89.88217875,44.9474325,1.899999976158142,24.86943546381497
* eps Aur,Auriga,75.49222624999999,43.82331027777778,2.990000009536743,1012.2482032594393
* zet Aur,Auriga,75.61951416666665,41.075831944444445,3.75,702.0499859590002
* tet Aur,Auriga,89.93029208333333,37.212584444444445,2.619999885559082,50.76142131979696
* del Aur,Auriga,89.88174333333332,54.28473777777778,3.7200000286102295,43.37322224005343
* iot Aur,Auriga,74.24841666666666,33.16609361111111,2.690000057220459,137.94815908181704
* bet Tau,Taurus,81.57297125,28.60745166666667,1.649999976158142,41.050903119868636
* kap02 Boo,Bootes,213.37086499999995,51.789967222222224,4.5,49.62040391008783
* eps Boo,Bootes,221.2467395833333,27.07422222222222,2.450000047683716,72.32383721350719
* zet Boo,Bootes,220.28729791666666,13.728304444444445,3.7799999713897705,53.87931034482759
* tet Boo,Bootes,216.29915375,51.85074361111111,4.050000190734863,14.478359196508977
* gam Boo,Bootes,218.01946499999997,38.30824805555555,3.0199999809265137,26.376524892845367
* eta Boo,Bootes,208.67116208333331,18.397720555555555,2.680000066757202,11.396011396011396
* alf Boo,Bootes,213.91529999999997,19.18240916666667,-0.05000000074505806,11.257458065968704
* tau Boo,Bootes,206.81557541666663,17.456891388888888,4.489999771118164,15.61353381110747
* del Boo,Bootes,228.8756783333333,33.31483111111111,3.490000009536743,36.93498703581955
* rho Boo,Bootes,217.95745541666665,30.37143638888889,3.5899999141693115,50.365147318055904
* bet Boo,Bootes,225.48650958333332,40.390568333333334,3.5199999809265137,72.05649228995533
* lam Boo,Bootes,214.09591,46.08830416666667,4.179999828338623,30.685671325774425
* del Cae,Caelum,67.70874875,-44.95374972222223,5.059000015258789,209.09128925688955
* bet Cae,Caelum,70.51450916666666,-37.14433,5.050000190734863,28.894385243059567
* gam Cae,Caelum,76.10167541666665,-35.48297527777778,4.573999881744385,56.84660512074219
* alf Cae,Caelum,70.14046875,-41.863751111111114,4.449999809265137,20.382373323549796
* gam Cam,Camelopardalis,57.58962208333333,71.33226583333332,4.604000091552734,118.41887123131943
* alf Cam,Camelopardalis,73.51254708333333,66.34267583333333,4.289999961853027,1690.3313049357673
* bet Cam,Camelopardalis,75.85454583333332,60.44224527777777,4.019999980926514,257.7319587628866
HD  49878,Camelopardalis,105.01682124999999,76.97740861111112,4.539999961853027,58.564124788437105
HD  42818,Camelopardalis,94.71157291666665,69.31981416666666,4.756999969482422,54.50422952821139
HD  21291,Camelopardalis,52.267219999999995,59.94033361111111,4.21999979019165,949.9382540134892
V* BE Cam,Camelopardalis,57.38032291666666,65.52597916666666,4.480000019073486,300.40855563566447
*   7 Cam,Camelopardalis,74.32165708333332,53.75210194444445,4.433000087738037,106.6302702011047
* del Cnc,Cancer,131.17124624999997,18.154308055555553,3.940000057220459,41.969018470565025
* gam Cnc,Cancer,130.82144624999998,21.46849861111111,4.6519999504089355,53.639147995773236
* iot Cnc,Cancer,131.67425166666666,28.759893055555555,4.01800012588501,106.2428286090689
* alf Cnc,Cancer,134.62168416666665,11.857680277777778,4.249000072479248,54.554183214768905
* bet Cnc,Cancer,124.12883708333332,9.185543888888889,3.5199999809265137,98.98441985231524
* omi01 CMa,Canis Major,103.53313416666667,-24.184210833333335,3.869999885559082,777.0611547128759
* eps CMa,Canis Major,104.65645291666665,-28.97208611111111,1.5,124.22360248447204
* gam CMa,Canis Major,105.93955583333332,-15.633286944444444,4.119999885559082,131.8930611060552
* alf CMa,Canis Major,101.28715499999998,-16.716115833333333,-1.4600000381469727,2.6370612589330453
* nu.02 CMa,Canis Major,99.17098999999999,-19.255880277777777,3.9100000858306885,20.47124813199861
* iot CMa,Canis Major,104.03426875,-17.054238611111113,4.385000228881836,1057.8652279699565
* eta CMa,Canis Major,111.02375916666666,-29.303105277777778,2.450000047683716,609.7560975609756
* bet CMa,Canis Major,95.67493874999998,-17.95591861111111,1.9700000286102295,151.05740181268882
* del CMa,Canis Major,107.09785,-26.393199444444445,1.840000033378601,492.6108374384237
* tet CMa,Canis Major,103.547495,-12.038628055555556,4.079999923706055,82.86651861182007
* bet CMi,Canis Minor,111.78767374999998,8.289315555555556,2.890000104904175,49.578582052553294
* alf CMi,Canis Minor,114.82549791666666,5.2249875,0.3700000047683716,3.5141973573235874
* del Cap,Capricornus,326.76018416666665,-16.127286944444446,2.8299999237060547,11.866619200189866
* gam Cap,Capricornus,325.0226891666666,-16.66237111111111,3.6700000762939453,52.345880640922964
* tet Cap,Capricornus,316.48678499999994,-17.232862777777775,4.070000171661377,45.651886107674535
* alf02 Cap,Capricornus,304.5135645833333,-12.544851944444444,3.5799999237060547,33.42916360232667
* ome Cap,Capricornus,312.9553770833333,-26.919134722222225,4.119999885559082,169.5633743111488
* zet Cap,Capricornus,321.66679416666665,-22.411320277777776,3.740000009536743,135.66496181031326
* bet01 Cap,Capricornus,305.2527770833333,-14.7814075,3.0799999237060547,119.09582450039302
* psi Cap,Capricornus,311.52388708333325,-25.270898055555556,4.122000217437744,14.633361136719492
* eps Cap,Capricornus,324.2701295833333,-19.46601111111111,4.550000190734863,271.9090736057862
* iot Car,Carina,139.27252833333333,-59.27523194444444,2.259999990463257,234.7417840375587
* ome Car,Carina,153.43425208333332,-70.03790638888889,3.3299999237060547,120.51387114656896
* y Car,Carina,168.15005499999995,-60.31762611111112,4.619999885559082,2543.23499491353
* u Car,Carina,163.3735670833333,-58.85317027777778,3.7899999618530273,29.830710716682823
* x Car,Carina,167.14745291666662,-58.97503861111111,3.8299999237060547,4488.3303411131055
* z Car,Carina,166.63510999999997,-62.42411388888889,4.605999946594238,117.55578021771329
* gam02 Vel,Vela,122.38312541666666,-47.33658611111111,1.8300000429153442,342.4657534246575
* alf Car,Puppis,95.9879575,-52.69566138888889,-0.7400000095367432,94.78672985781989
* del Vel,Vela,131.17594291666663,-54.708820833333334,NaN,24.69745616201531
* eps Car,Carina,125.62848,-59.50948416666667,1.8600000143051147,185.5287569573284
* tet Car,Carina,160.7391745833333,-64.39445,2.759999990463257,139.66480446927375
* q Car,Carina,154.27073124999998,-61.332304444444446,3.3499999046325684,232.3096222645542
* chi Car,Carina,119.19466666666665,-52.98234527777778,3.430999994277954,175.87983889406757
* bet Car,Carina,138.29990583333333,-69.7172075,1.690000057220459,34.698126301179734
* p Car,Carina,158.00610416666663,-61.68533194444444,3.2699999809265137,155.18793258636208
* alf Cas,Cassiopeia,10.126845833333332,56.537329166666666,2.2300000190734863,70.96728408203819
* del Cas,Cassiopeia,21.453964166666665,60.23528388888889,2.680000066757202,30.478512648582747
* gam Cas,Cassiopeia,14.1772125,60.71674,2.390000104904175,168.35016835016833
* bet Cas,Cassiopeia,2.29452125,59.14978111111111,2.2699999809265137,16.784155756965426
* eps Cas,Cassiopeia,28.59889166666666,63.6701,3.369999885559082,142.7816725445122
* ups01 Cen,Centaurus,209.6697858333333,-44.80358555555555,3.869999885559082,131.06159895150722
* psi Cen,Centaurus,215.13930124999996,-37.88529194444445,4.033999919891357,75.74265674942814
* d Cen,Centaurus,202.76106875,-39.407305,3.880000114440918,277.77777777777777
* del Cen,Centaurus,182.0895733333333,-50.72242722222222,2.5199999809265137,174.8893824655905
* gam Cen,Centaurus,190.3793333333333,-48.95987138888889,2.1700000762939453,39.904229848363926
* alf Cen A,Centaurus,219.9020583333333,-60.8339925,0.009999999776482582,1.3474909718104888
* pi. Cen,Centaurus,170.2517375,-54.491101111111114,NaN,71.63426410120489
* kap Cen,Centaurus,224.79035374999998,-42.104196111111115,3.109999895095825,117.50881316098707
* l Cen,Centaurus,189.96887124999998,-39.98730166666667,4.639999866485596,102.69049086054632
* zet Cen,Centaurus,208.88493999999997,-47.28837444444444,2.549999952316284,117.096018735363
* eta Cen,Centaurus,218.8767670833333,-42.157824999999995,2.309999942779541,93.72071227741331
* eps Cen,Centaurus,204.97190708333332,-53.466391111111115,2.299999952316284,131.06159895150722
* tet Cen,Centaurus,211.6706145833333,-36.369954722222225,2.049999952316284,18.034265103697024
* bet Cen,Centaurus,210.95585541666665,-60.373035,0.5799999833106995,120.1923076923077
* rho Cen,Centaurus,182.91299874999999,-52.36844,3.9600000381469727,80.19760690340999
* sig Cen,Centaurus,187.00992541666665,-50.23063777777778,3.9100000858306885,126.184557533849
* omi01 Cen,Centaurus,172.94195249999999,-59.44206055555555,5.0970001220703125,3073.1407498463427
* phi Cen,Centaurus,209.56777541666665,-42.10075666666667,3.802000045776367,140.8411030675192
* chi Cen,Centaurus,211.5115333333333,-41.179632777777776,4.3429999351501465,154.12595172775193
* nu. Cen,Centaurus,207.37615208333332,-41.68770833333333,3.385999917984009,124.2606491376311
* iot Cen,Centaurus,200.14921999999999,-36.71230444444445,2.7300000190734863,17.838953495632133
* zet Cep,Cepheus,332.7136570833333,58.20126166666667,3.3499999046325684,303.2876379958753
* tet Cep,Cepheus,307.3954383333333,62.99411027777778,4.21999979019165,42.587624036455004
* eta Cep,Cepheus,311.32239624999994,61.83878166666667,3.4100000858306885,14.368311550973022
* eps Cep,Cepheus,333.75915499999996,57.04356833333333,NaN,26.205588079602098
* mu. Cep,Cepheus,325.8769145833333,58.78004583333333,4.079999923706055,8403.361344537816
* alf Cep,Cepheus,319.6448845833333,62.58557444444445,2.4600000381469727,15.037593984962406
* del Cep,Cepheus,337.2927608333333,58.41519361111111,3.75,281.286039773846
* gam Cep,Cepheus,354.8371266666666,77.63236388888888,NaN,13.789927009916337
* bet Cep,Cepheus,322.1649866666666,70.560715,3.2300000190734863,210.0840336134454
* iot Cep,Cepheus,342.4200725,66.200405,3.5399999618530273,36.64762211903881
* zet Cet,Cetus,27.865130416666666,-10.335030833333334,3.7200000286102295,77.65783955890346
* tau Cet,Cetus,26.017012916666665,-15.937479722222223,3.5,3.652171562950472
* del Cet,Cetus,39.87065333333333,0.32850861111111107,4.070000171661377,194.88618646710322
* omi Cet,Cetus,34.83663375,-2.9776375,6.53000020980835,91.6590284142988
* tet Cet,Cetus,21.005846666666663,-8.183260833333332,3.5899999141693115,34.44249652991848
* gam Cet,Cetus,40.82516291666666,3.235816388888889,3.4700000286102295,24.4081034903588
* lam Cet,Cetus,44.928718749999994,8.907385833333334,4.699999809265137,136.59895911593154
* bet Cet,Cetus,10.89737875,-17.98660611111111,2.009999990463257,29.533372711163615
* mu. Cet,Cetus,41.23557208333333,10.114144722222221,4.260000228881836,26.60112150328258
* ksi02 Cet,Cetus,37.03982083333333,8.460059999999999,4.300000190734863,60.35695100826286
* eta Cet,Cetus,17.147463749999996,-10.182264166666666,3.450000047683716,36.95450530851468
* iot Cet,Cetus,4.856976249999999,-8.823918888888889,3.549999952316284,85.47300762419228
* alf Cet,Cetus,45.56988749999999,4.089738611111111,2.5299999713897705,76.39419404125286
* gam Cha,Chamaeleon,158.86710624999998,-78.60778833333333,4.119999885559082,136.02851157602635
* eps Cha,Chamaeleon,179.90656791666663,-78.22183805555555,NaN,110.86474501108648
* bet Cha,Chamaeleon,184.5867695833333,-79.31223388888888,4.229000091552734,93.3567347548452
* alf Cha,Chamaeleon,124.63146833333334,-76.9197238888889,4.046999931335449,19.48664385430226
* del02 Cha,Chamaeleon,161.44585958333332,-80.54018805555556,4.433000087738037,114.58297526153565
* alf Cir,Circinus,220.62675249999995,-64.97513277777777,3.190000057220459,16.39532405357992
* gam Cir,Circinus,230.8443454166666,-59.32078138888889,NaN,137.5515818431912
* bet Cir,Circinus,229.37853916666663,-58.801206944444445,4.057000160217285,29.567865643618514
* alf Col,Columba,84.91225416666667,-34.074109444444446,2.6500000953674316,87.71314293733772
* gam Col,Columba,89.38420833333332,-35.28328083333333,4.360000133514404,323.4361860404942
* eta Col,Columba,89.7866875,-42.81513222222222,3.9600000381469727,135.09679685494658
* del Col,Columba,95.52843708333332,-33.43639888888889,3.8499999046325684,66.44959797993222
* bet Col,Columba,87.73996749999999,-35.76830944444444,3.119999885559082,27.097480476265318
* eps Col,Columba,82.80311416666666,-35.47050638888889,3.869999885559082,85.25149190110827
* gam Com,Coma Berenices,186.73446875,28.268421666666665,4.340000152587891,50.34207439551754
* alf Com,Coma Berenices,197.49702166666665,17.529455,4.320000171661377,17.825311942959
* bet Com,Coma Berenices,197.96830749999998,27.878183888888888,4.25,9.197516670498965
* alf CrA,Corona Australis,287.36808958333324,-37.90447416666667,4.086999893188477,36.91617075943947
* del CrA,Corona Australis,287.0873733333333,-40.496697777777776,4.571000099182129,56.63091368316136
* tet CrA,Corona Australis,278.37577375,-42.312508055555554,4.613999843597412,162.14550938011772
* gam CrA,Corona Australis,286.60462541666664,-37.06344166666666,4.210000038146973,17.304031839418585
* bet CrA,Corona Australis,287.5073195833333,-39.3407925,4.09499979019165,170.5175206752494
* gam CrB A,Corona Borealis,235.68570541666662,26.29563416666667,4.050000190734863,NaN
* tet CrB,Corona Borealis,233.23242541666664,31.359132222222225,4.130000114440918,115.07479861910242
* eps CrB,Corona Borealis,239.39688083333328,26.877879444444446,4.130000114440918,74.11689717021686
* bet CrB,Corona Borealis,231.95730833333332,29.10569277777778,3.680000066757202,35.80943650270719
* del CrB,Corona Borealis,237.39852874999997,26.068392777777778,4.630000114440918,51.29125740517529
* alf CrB,Corona Borealis,233.67195166666664,26.714685,2.240000009536743,23.67379405693074
* iot CrB,Corona Borealis,240.36068708333332,29.851060833333335,4.9710001945495605,114.02378536162644
* alf Crv,Corvus,182.10340499999998,-24.728875555555554,4.010000228881836,14.976875703913159
* del Crv,Corvus,187.46606291666666,-16.515431111111113,2.940000057220459,26.27430373095113
* gam Crv,Corvus,183.95154499999998,-17.54193027777778,2.5799999237060547,47.103155911446066
* bet Crv,Corvus,188.5968120833333,-23.39676,2.640000104904175,45.44442374198474
* eps Crv,Corvus,182.53116874999995,-22.619766944444446,2.9800000190734863,94.35386473429952
* zet Crt,Crater,176.19073291666663,-18.350676111111113,4.705999851226807,105.13809889289581
* bet Crt,Hydra,167.91449458333332,-22.825847777777778,4.448999881744385,97.04686393059208
* alf Crt,Hydra,164.9436045833333,-18.298786111111113,4.070000171661377,49.09348873058966
* tet Crt,Crater,174.17045499999998,-9.802222500000001,4.672999858856201,92.1633503221109
* gam Crt,Crater,171.220515,-17.684011666666667,4.059999942779541,26.520626417195974
* eta Crt,Crater,179.00397541666663,-17.150824444444442,5.159999847412109,76.8787238131847
* del Crt,Crater,169.8351970833333,-14.778539722222224,3.559999942779541,58.76476464711759
* eps Crt,Crater,171.15246333333332,-10.859326388888888,4.802000045776367,122.27928588897039
* del Cru,Crux,183.78632666666664,-58.74892388888889,2.752000093460083,139.50698232446535
* alf01 Cru,Crux,186.64956666666666,-63.099091666666666,1.2799999713897705,NaN
* gam Cru,Crux,187.79149833333332,-57.113213333333334,1.6399999856948853,27.15177844148792
* bet Cru,Crux,191.93028624999997,-59.68877194444444,1.25,85.39709649871904
* alf02 CVn,Canes Venatici,194.00693958333332,38.31837638888889,2.880000114440918,30.55982544227707
* bet CVn,Canes Venatici,188.43560083333332,41.35747805555555,4.25,8.47266633114908
* gam Cyg,Cygnus,305.5570908333333,40.25667888888889,2.2300000190734863,561.7977528089888
* omi02 Cyg,Cygnus,303.86801749999995,47.71422583333334,3.9800000190734863,307.1441734750292
* kap Cyg,Cygnus,289.27570125,53.36845805555556,3.759999990463257,37.756793391050884
* nu. Cyg,Cygnus,314.29341124999996,41.16713083333333,3.940000057220459,125.67866478986527
* bet Cyg A,Cygnus,292.68031499999995,27.95967361111111,3.0799999237060547,111.33873697336777
* alf Cyg,Cygnus,310.3579795833333,45.28033861111111,1.25,432.9004329004329
* del Cyg,Cygnus,296.24365375,45.13081444444445,2.869999885559082,47.28713695300604
* eps Cyg,Cygnus,311.55280083333327,33.970328333333335,2.4800000190734863,23.16053259960766
* zet Cyg,Cygnus,318.23410791666663,30.22689861111111,3.2100000381469727,45.84422133590061
* iot Cyg,Cygnus,292.4264925,51.72977777777778,3.755000114440918,37.54275180862207
* bet Del,Delphinus,309.3872554166666,14.595088611111112,3.630000114440918,30.93102381688834
* eps Del,Delphinus,308.30321999999995,11.303266111111112,4.03000020980835,112.17175739492312
* gam02 Del,Delphinus,311.66458249999994,16.12429388888889,4.25,35.54178114082009
* alf Del,Delphinus,309.90949833333326,15.91216,3.799999952316284,72.8342728954537
* del Del,Delphinus,310.8647229166666,15.07457861111111,4.416999816894531,67.65487893159415
* alf Dor,Dorado,68.49907124999999,-55.044978888888885,3.2799999713897705,51.70630816959669
* bet Dor,Dorado,83.40631624999999,-62.489826666666666,3.759999990463257,341.20376688958646
* zet Dor,Dorado,76.37773166666666,-57.472704444444446,4.708000183105469,11.692719995603536
* gam Dor,Dorado,64.00661083333331,-51.486647777777776,4.199999809265137,20.429259602773477
* del Dor,Dorado,86.19320791666667,-65.73549805555555,4.360000133514404,45.7205559619605
HD  40409,Dorado,88.52522708333332,-63.08978027777778,4.659999847412109,27.323822821403294
* zet Dra,Draco,257.1966154166666,65.71464527777778,3.1700000762939453,127.75634310243504
* eps Dra,Draco,297.0431266666667,70.26793027777778,3.9100000858306885,46.90013554139171
* tet Dra,Draco,240.47227041666662,58.56525027777778,4.0,21.52088063443556
* iot Dra,Draco,231.2323908333333,58.96606583333334,3.2899999618530273,30.74662017777696
* alf Dra,Draco,211.09732291666663,64.37586944444443,3.680000066757202,79.90028444501263
* chi Dra,Draco,275.26409375000003,72.7328475,3.5799999237060547,8.057368463459834
* nu.02 Dra,Draco,263.06684375,55.172918055555556,NaN,29.923366259010674
* kap Dra,Draco,188.3705970833333,69.78823861111111,3.890000104904175,142.66759876164525
* eta Dra,Draco,245.9978595833333,61.51420972222222,2.740000009536743,27.998420889061858
* gam Dra,Draco,269.1515408333333,51.48889555555556,2.2300000190734863,47.30368968779565
* phi Dra,Draco,275.1893008333333,71.33781916666666,4.21999979019165,92.85051067780873
* del Dra,Draco,288.13875541666664,67.66153861111111,3.069999933242798,29.985097406588928
* bet Dra,Draco,262.6081733333333,52.30138861111111,2.809999942779541,116.55011655011656
* lam Dra,Draco,172.85092333333333,69.33107555555556,3.8499999046325684,115.66309653242037
* ksi Dra,Draco,268.38220624999997,56.87264166666667,3.75,34.41120704190941
* del Equ,Equuleus,318.62006375,10.006979166666667,4.489999771118164,18.487705675725643
* alf Equ,Equuleus,318.95598791666663,5.2478919444444445,3.933000087738037,58.14460563421229
* gam Equ,Equuleus,317.5854166666666,10.131580833333334,4.679999828338623,35.40662741251907
* eta Eri,Eridanus,44.10687166666666,-8.898143333333334,3.869999885559082,41.291942290381456
* tau09 Eri,Eridanus,59.98118208333332,-24.016215833333334,4.659999847412109,100.26168299261072
* tau01 Eri,Eridanus,41.27582833333333,-18.572622777777777,4.460000038146973,14.27635307705376
* d Eri,Eridanus,65.17847541666666,-7.592495833333333,5.8379998207092285,264.8094695866324
* tau06 Eri,Eridanus,56.712030416666664,-23.24972277777778,4.199999809265137,17.784701955072286
* ups04 Eri,Eridanus,64.47359333333331,-33.79834777777778,3.559999942779541,54.347235356137425
* e Eri,Eridanus,49.98187874999999,-43.06978194444445,4.269999980926514,6.041412675608763
* tet01 Eri,Eridanus,44.565317916666665,-40.3046775,3.180000066757202,50.23939069666964
* chi Eri,Eridanus,28.98941541666666,-51.6088775,3.7100000381469727,17.589901989066117
* eps Eri,Eridanus,53.23268499999999,-9.458260833333332,3.7300000190734863,3.2198103338524744
* gam Eri,Eridanus,59.5073575,-13.508514722222221,2.940000057220459,58.8179936006023
* kap Eri,Eridanus,36.74634208333333,-47.70384055555556,4.25,161.15516018822925
* omi01 Eri,Eridanus,62.9664125,-6.837579444444444,4.026000022888184,38.29994216708733
* s Eri,Eridanus,39.94989708333333,-42.89181083333333,4.75,44.31916892694428
* mu. Eri,Eridanus,71.37563083333333,-3.254659722222222,4.0,172.04301075268816
* bet Eri,Eridanus,76.96239499999999,-5.086496944444444,2.7899999618530273,27.589555697795042
* y Eri,Eridanus,54.27365833333332,-40.27466027777778,4.579999923706055,75.5943606606947
* tau08 Eri,Eridanus,58.42792624999999,-24.61222805555556,4.623000144958496,100.41672942712255
* ups01 Eri,Eridanus,68.37730083333332,-29.766491666666667,4.510000228881836,38.41883444940047
* tau03 Eri,Eridanus,45.59791375,-23.62447166666667,4.090000152587891,27.06345297183777
* alf Eri,Eridanus,24.428522499999996,-57.23675277777778,0.46000000834465027,42.75331338178709
* g Eri,Eridanus,57.36352583333333,-36.20025666666667,4.170000076293945,66.76414231444576
* iot Eri,Eridanus,40.16681166666666,-39.85537638888889,4.116000175476074,44.87262904246297
* pi. Eri,Eridanus,56.53556333333332,-12.101588333333334,4.420000076293945,156.38928420624617
* nu. Eri,Eridanus,69.07975791666665,-3.352460277777778,3.927999973297119,208.50274181105482
* tau05 Eri,Eridanus,53.44698249999999,-21.632884444444446,4.25,98.12290875550715
* tau04 Eri,Eridanus,49.87916916666666,-21.75786527777778,3.700000047683716,94.20364944937967
* del Eri,Eridanus,55.81208541666666,-9.763391666666667,3.5399999618530273,9.088810401961728
* pi. Cet,Eridanus,41.03061541666666,-13.858688611111111,4.236000061035156,119.0164480731237
* ups02 Eri,Eridanus,68.88765791666665,-30.562341944444444,3.819999933242798,64.72450016504747
* nu. For,Fornax,31.122689583333333,-29.296804444444447,4.690000057220459,106.34451368653892
* alf For,Fornax,48.01887416666666,-28.987621944444445,3.9800000190734863,13.998994872168177
* bet For,Fornax,42.272578749999994,-32.405897777777774,4.460000038146973,54.172354763916886
* lam Gem,Gemini,109.52324541666665,16.540385833333335,3.559000015258789,30.66844952586577
* eta Gem,Gemini,93.719355,22.506787222222222,3.2799999713897705,211.36286777138992
* eps Gem,Gemini,100.98302958333333,25.131126944444446,2.9800000190734863,266.83032259786
* ksi Gem,Gemini,101.32235166666666,12.895594722222222,3.359999895095825,18.45379354633932
* ups Gem,Gemini,113.98062499999997,26.895744444444443,4.059999942779541,77.66326760432119
* bet Gem,Gemini,116.32895749999999,28.02619888888889,1.1399999856948853,10.358400662937642
* kap Gem,Gemini,116.11184916666666,24.397996388888888,3.569999933242798,45.26791817371111
* mu. Gem,Gemini,95.74011166666665,22.5135825,2.869999885559082,71.02272727272727
* alf Gem,Gemini,113.64947124999998,31.888282222222223,1.5800000429153442,15.595757953836555
* tau Gem,Gemini,107.78487624999998,30.245163611111114,4.420000076293945,120.10425048942481
* tet Gem,Gemini,103.197245,33.96125666666667,3.5999999046325684,59.27647139021108
* iot Gem,Gemini,111.43164833333333,27.798079444444447,3.7899999618530273,41.631800034138074
* nu. Gem,Gemini,97.24077541666665,20.21213472222222,4.139999866485596,166.9449081803005
* del Gem,Gemini,110.03072708333332,21.982303888888886,3.5299999713897705,18.598007781406455
*   1 Gem,Gemini,91.03006416666666,23.263344444444446,4.150000095367432,47.551117451260104
* zet Gem,Gemini,106.02721333333332,20.570298333333334,3.7899999618530273,325.42549383318686
* gam Gem,Gemini,99.42796041666666,16.399280277777777,1.9199999570846558,33.51206434316354
* zet Gru,Grus,345.2200312499999,-52.754110833333336,4.114999771118164,50.22399903569922
* lam Gru,Grus,331.5286866666666,-39.54335277777778,4.458000183105469,76.4082031846939
* alf Gru,Grus,332.05826958333324,-46.96097416666667,1.7100000381469727,30.96934035305048
* gam Gru,Grus,328.48215124999996,-37.364871944444445,3.009999990463257,56.15453728661276
* del01 Gru,Grus,337.31739124999996,-43.49556138888889,3.9700000286102295,100.01900361068603
* eps Gru,Grus,342.13874166666665,-51.31686472222223,3.4660000801086426,38.77441818985506
* bet Gru,Grus,340.6668758333333,-46.88457638888889,2.109999895095825,54.25935973955507
* sig Her,Hercules,248.52575999999993,42.43700944444444,4.196000099182129,92.11495946941784
* rho Her,Hercules,260.9206004166666,37.145942777777776,4.170000076293945,120.62726176115804
* omi Her,Hercules,271.8856295833333,28.762490833333334,3.8269999027252197,106.9667440392782
* eps Her,Hercules,255.07238875,30.926404166666668,3.9200000762939453,50.597301139957196
* h Her,Hercules,248.15121624999998,11.48804111111111,4.849999904632568,111.70313774113916
* tet Her,Hercules,269.06325375,37.25053666666667,3.880000114440918,243.89054192478415
* alf Her,Hercules,258.66190875,14.390340555555555,NaN,110.25358324145535
* tau Her,Hercules,244.93515291666662,46.313361666666665,3.869999885559082,98.40001574400253
* lam Her,Hercules,262.6846241666666,26.110645555555557,4.409999847412109,120.56472517270898
* gam Her,Hercules,245.4800608333333,19.15312833333333,3.759999990463257,59.28736586233473
* eta Her,Hercules,250.72402041666663,38.92225472222222,3.5,34.176933987252006
* chi Her,Hercules,238.16892083333332,42.45151722222222,4.619999885559082,15.897543511576592
* zet Her,Hercules,250.32150416666664,31.60271861111111,2.799999952316284,10.715816545220747
* pi. Her,Hercules,258.76180916666664,36.80916138888889,3.180000066757202,112.37091391264285
* bet Her,Hercules,247.55500124999998,21.489610555555558,2.7699999809265137,45.449793885184725
* ome Her,Hercules,246.35397749999998,14.033267222222223,4.579999923706055,76.31607063815498
* mu. Her,Hercules,266.61477999999994,27.72071111111111,3.4200000762939453,8.338558830200258
* del Her,Hercules,258.7579604166666,24.83920694444444,3.130000114440918,23.036166781847502
* ksi Her,Hercules,269.44118999999995,29.247879444444447,3.700000047683716,41.920987323093435
* phi Her,Hercules,242.1924008333333,44.93490583333333,4.269999980926514,73.664282399393
* iot Her,Hercules,264.86619499999995,46.00633111111111,3.799999952316284,153.47545160151634
* mu. Hor,Horologium,45.90341124999999,-59.73777444444445,5.122000217437744,43.275618084015285
* bet Hor,Horologium,44.69915125,-64.07128694444444,4.968999862670898,98.45717605127649
* alf Hor,Horologium,63.500475833333326,-42.29436833333333,3.859999895095825,36.07373471375492
* eta Hor,Horologium,39.35145249999999,-52.54310888888889,5.293000221252441,39.67151981592415
* zet Hor,Horologium,40.165055416666654,-54.54991166666667,5.210000038146973,49.41590401454804
* iot Hor,Horologium,40.639444166666664,-50.80029305555555,5.400000095367432,17.35716356175939
* zet Hya,Hydra,133.8484420833333,5.945565,3.0999999046325684,46.919059929715246
* ups02 Hya,Hydra,151.2811233333333,-13.06462638888889,4.5879998207092285,100.4994824276655
* tet Hya,Hydra,138.5910833333333,2.3143197222222223,NaN,36.94071753649743
* alf Hya,Hydra,141.8968445833333,-8.658599444444445,1.9700000286102295,55.2791597567717
* nu. Hya,Hydra,162.40620083333332,-16.193646944444446,3.109999895095825,42.02740186601664
* E Hya,Hydra,222.57211749999996,-27.960361111111112,4.409999847412109,92.57202103236318
* eta Hya,Hydra,130.80614874999998,3.3986616666666665,4.300000190734863,156.61216563302636
* gam Hya,Hydra,199.73040666666665,-23.17151388888889,3.0,39.171752465861815
* rho Hya,Hydra,132.10821083333335,5.8378122222222215,4.336999893188477,95.75700701898862
* sig Hya,Hydra,129.68932249999997,3.341435,4.429999828338623,115.09201606684543
* bet Hya,Hydra,178.2271725,-33.90812972222222,4.28000020980835,94.9667616334283
* ksi Hya,Hydra,173.25047874999998,-31.857624166666668,3.5399999618530273,40.058966799128314
* ups01 Hya,Hydra,147.86947874999998,-14.846628611111111,4.110000133514404,76.18293045260279
* mu. Hya,Hydra,156.52260875,-16.836288333333332,3.809999942779541,74.7887218607434
* del Hya,Hydra,129.41403083333333,5.7037875,4.13100004196167,54.25906533334057
* lam Hya,Hydra,152.64703541666665,-12.354127222222221,3.609999895095825,33.30757547496603
* eps Hya,Hydra,131.69380083333334,6.418801388888889,3.380000114440918,39.63535473642489
* pi. Hya,Hydra,211.5929083333333,-26.68236138888889,3.2799999713897705,32.37408907406868
* iot Hya,Hydra,144.96400583333332,-1.1428105555555554,3.9100000858306885,77.48634303204061
* bet Hyi,Hydrus,6.437792916666666,-77.25424611111112,2.7899999618530273,7.458790184232118
* gam Hyi,Hydrus,56.80975249999999,-74.23896277777777,3.259999990463257,66.31607567990557
* alf Hyi,Hydrus,29.69224375,-61.56982194444445,2.8399999141693115,19.396873611911232
* alf Ind,Indus,309.3918004166666,-47.29150138888889,3.109999895095825,30.396153062868365
* eta Ind,Indus,311.0097245833333,-51.920970277777776,4.494999885559082,24.192163190656018
* del Ind,Indus,329.4794729166666,-54.99257611111111,4.400000095367432,57.67012687427913
* tet Ind A,Indus,319.96662249999997,-53.44942583333333,4.482999801635742,30.252975380128635
* bet Ind,Indus,313.7024916666666,-58.454144722222225,3.6500000953674316,177.22326587034345
*   6 Lac,Lacerta,337.62191916666666,43.123376388888886,4.511000156402588,352.52229703528747
*   1 Lac,Lacerta,333.9924033333333,37.748735,4.150000095367432,207.8656356531138
*  11 Lac,Lacerta,340.1285766666667,44.27630722222222,4.460000038146973,107.33068584308253
* alf Lac,Lacerta,337.82292249999995,50.282491388888886,3.7699999809265137,31.751777305734688
* bet Lac,Lacerta,335.8900970833333,52.22904666666667,4.440000057220459,51.809713285046676
*   4 Lac,Lacerta,336.1291308333333,49.47639166666667,4.579999923706055,790.1390644753476
*   2 Lac,Lacerta,335.2564470833333,46.53656972222222,4.539999961853027,189.80014045210393
*   5 Lac,Lacerta,337.38261708333334,47.70690583333334,4.369999885559082,673.9452756436177
HD 211073,Lacerta,333.4696979166666,39.71492444444445,4.489999771118164,174.88326542033192
*  46 LMi,Leo Minor,163.32787125,34.214891944444446,3.8299999237060547,30.37574800279457
*  10 LMi,Leo Minor,143.55575749999997,36.39755805555556,4.599999904632568,58.56926987548174
*  30 LMi,Leo Minor,156.47839541666664,33.796119166666664,4.7179999351501465,74.26661715558856
* bet LMi,Leo Minor,156.97083124999997,36.70721,4.210000038146973,47.19207173194903
*  21 LMi,Leo Minor,151.85734291666665,35.24469583333333,4.489999771118164,27.53167519230875
* sig Leo,Leo,170.28414041666665,6.029321666666666,4.039999961853027,73.77297105886346
* lam Leo,Leo,142.93012374999998,22.967981111111108,4.309999942779541,114.21392267717435
* del Leo,Leo,168.52708916666663,20.523718055555555,2.5299999713897705,17.914725904693658
* kap Leo,Leo,141.1635775,26.182324166666668,4.460000038146973,61.304185236726106
* mu. Leo,Leo,148.19090416666666,26.00695111111111,3.880000114440918,38.31843384897172
* iot Leo,Leo,170.98105499999997,10.529506111111113,4.010000228881836,23.610074891157556
* bet Leo,Leo,177.26490958333332,14.572058055555555,2.130000114440918,10.99989000109999
* gam01 Leo,Leo,154.9931433333333,19.84148861111111,1.9800000190734863,NaN
* eta Leo,Leo,151.83313458333333,16.762663055555556,3.4100000858306885,556.6379070414695
* alf Leo,Leo,152.0929620833333,11.967208611111111,1.399999976158142,24.313153415998052
* eps Leo,Leo,146.46280666666664,23.77425361111111,2.9800000190734863,69.73792487830733
* tet Leo,Leo,168.5600233333333,15.429570833333333,3.3499999046325684,49.22228785193936
* zet Leo,Leo,154.17256291666666,23.417316944444444,3.4100000858306885,71.23674106156992
* del Lep,Lepus,87.83039999999998,-20.879091666666667,3.8499999046325684,35.182279389517085
* mu. Lep,Lepus,78.23292875,-16.205463333333334,3.2899999618530273,52.14444009907444
* lam Lep,Lepus,79.89384291666666,-13.176769166666666,4.289999961853027,299.5985379591348
* kap Lep,Lepus,78.30782083333332,-12.941292222222222,4.440000057220459,143.20902789711863
* tet Lep,Lepus,91.53884916666665,-14.935255277777777,4.663000106811523,51.28441825520152
* zet Lep,Lepus,86.73892208333332,-14.82195,3.5250000953674316,22.324418448899408
* eps Lep,Lepus,76.36526833333332,-22.371034444444444,3.180000066757202,64.10297501907064
* bet Lep,Lepus,82.06134499999999,-20.75944361111111,2.8399999141693115,47.9163572068597
* eta Lep,Lepus,89.10122249999999,-14.167699444444445,3.7200000286102295,14.957229801382947
* gam Lep,Lepus,86.11579416666666,-22.448385277777778,3.5999999046325684,8.905036688751157
* alf Lep,Lepus,83.18256708333332,-17.822289166666668,2.569999933242798,680.2721088435375
* tau Lib,Libra,234.66403916666664,-29.77774861111111,3.6419999599456787,112.48593925759279
* sig Lib,Libra,226.01756166666664,-25.281969444444442,3.2100000381469727,79.75308445054112
* gam Lib,Libra,233.88157499999997,-14.789535277777778,3.9100000858306885,49.36004699076474
* bet Lib,Libra,229.25172416666663,-9.382914166666668,2.619999885559082,56.75368898978433
* ups Lib,Libra,234.25603666666666,-28.135110277777777,3.5889999866485596,64.40518590556911
* alf02 Lib,Libra,222.7196375,-16.04177638888889,2.75,23.2396002788752
* zet Lup,Lupus,228.07123124999995,-52.099248611111115,3.4100000858306885,34.76858032932799
* gam Lup,Lupus,233.78520124999997,-41.166756666666664,2.765000104904175,129.03225806451613
* alf Lup,Lupus,220.48231541666667,-47.38819861111111,2.2860000133514404,142.45014245014247
* bet Lup,Lupus,224.63302208333332,-43.13396361111111,2.680000066757202,117.37089201877934
* chi Lup,Lupus,237.73977208333332,-33.62714666666667,3.946000099182129,62.87765893900238
* eta Lup,Lupus,240.03053291666663,-38.396705,3.4100000858306885,131.67943957230517
* phi01 Lup,Lupus,230.4515395833333,-36.26137305555555,3.5460000038146973,85.75152637716951
* eps Lup,Lupus,230.67028416666665,-44.689614999999996,3.365999937057495,156.98587127158555
* del Lup,Lupus,230.34297416666664,-40.647530277777776,3.190000057220459,148.59724203518783
* alf Lyn,Lynx,140.2637508333333,34.392559166666665,3.140000104904175,68.0077800900423
*  21 Lyn,Lynx,111.67855083333333,49.21152694444445,4.610000133514404,84.01878660068391
*  15 Lyn,Lynx,104.31918833333332,58.42276111111111,4.349999904632568,54.67468562055768
*  31 Lyn,Lynx,125.70878916666665,43.18813055555555,4.25,112.57711532399695
*  38 Lyn,Lynx,139.71101458333334,36.80259583333333,3.9200000762939453,40.471574789446635
*   2 Lyn,Lynx,94.90571916666664,59.010980833333335,4.434000015258789,48.8553198557791
HD  77912,Lynx,136.63236583333332,38.45221388888889,4.539000034332275,216.20219229022982
*  10 UMa,Lynx,135.16030583333333,41.78302444444444,3.9600000381469727,18.739997526320327
* bet Lyr,Lyra,282.5199795833333,33.36266666666667,3.4200000762939453,277.91673614585073
* alf Lyr,Lyra,279.23473458333336,38.78368888888889,0.029999999329447746,7.678722260615834
* gam Lyr,Lyra,284.73592708333325,32.68955555555555,3.25,201.38553246334783
* del02 Lyr,Lyra,283.6261774999999,36.89861972222222,4.300000190734863,236.11635814129204
* zet01 Lyr,Lyra,281.1931541666666,37.60512138888889,4.360000133514404,48.39521468117233
* eps01 Lyr,Lyra,281.08477416666665,39.67012583333333,NaN,49.77600796416127
*  15 Mon,Monoceros,100.244415,9.89575611111111,4.679999828338623,281.69014084507046
* eps Mon A,Monoceros,95.9420225,4.592882222222222,4.3979997634887695,41.53220614925844
* gam Mon,Monoceros,93.71388833333332,-6.274776666666667,3.9600000381469727,195.86336571607646
*  18 Mon,Monoceros,101.96519916666665,2.4121763888888887,4.46999979019165,120.85468432756454
* bet Mon,Monoceros,97.20445708333332,-7.033058333333333,3.740000009536743,207.4688796680498
* zet Mon,Monoceros,122.1485333333333,-2.9837875,4.329999923706055,308.1664098613251
* alf Mon,Monoceros,115.31179958333333,-9.551132500000001,3.930000066757202,44.67496727558647
*  13 Mon,Monoceros,98.22594958333332,7.332969444444444,4.5,822.4360555966774
* del Mon,Monoceros,107.96608499999999,-0.49276694444444447,4.150000095367432,126.95510867357302
* bet Mus,Musca,191.57001708333334,-68.10811555555556,NaN,104.71204188481674
* lam Mus,Musca,176.4017275,-66.7287575,3.6500000953674316,42.14270362300823
* eps Mus,Musca,184.39281499999996,-67.96073666666668,4.019999980926514,100.08507231146474
* del Mus,Musca,195.56773541666664,-71.54885888888889,3.609999895095825,26.74612047522507
* alf Mus,Musca,189.2959075,-69.13556472222223,2.6489999294281006,96.71179883945841
* gam Mus,Musca,188.11672041666662,-72.13298972222222,3.880000114440918,116.25879207115038
* gam02 Nor,Norma,244.96009291666664,-50.15550583333333,4.019999980926514,42.4271737562474
* eps Nor,Norma,246.7960066666666,-47.55479361111111,4.520999908447266,190.8761213972132
* del Nor,Norma,241.622715,-45.17328,4.7129998207092285,32.19295167516024
* eta Nor,Norma,240.80373916666662,-49.22969583333334,4.64300012588501,71.65222874257503
* bet Oct,Octans,341.51462874999993,-81.38161416666667,4.127999782562256,45.76659038901602
* del Oct,Octans,216.73013374999996,-83.66788472222223,4.303999900817871,91.99124243372032
* nu. Oct,Octans,325.36892499999993,-77.39000861111111,3.7279999256134033,19.410992833461446
* gam Oph,Ophiuchus,266.97316875,2.7072788888888892,3.75,29.74650032423685
* nu. Oph,Serpens,269.7566341666667,-9.773633333333335,3.3399999141693115,43.662211665669716
* del Oph,Serpens,243.5864125,-3.694325555555556,2.75,48.99246985738292
* tet Oph,Ophiuchus,260.50241374999996,-24.999546111111112,3.259999990463257,133.6898395721925
* eps Oph,Ophiuchus,244.58037583333333,-4.692513055555556,3.2300000190734863,32.77227203607572
* lam Oph,Ophiuchus,247.7284295833333,1.9839222222222224,3.9000000953674316,53.07855626326964
* eta Oph,Serpens,257.5945283333333,-15.72490638888889,2.4200000762939453,27.0929287455974
* ups Oph,Ophiuchus,246.9507220833333,-8.371781944444445,4.630000114440918,39.85349853936928
* rho Oph,Ophiuchus,246.39632333333333,-23.447170833333335,4.630000114440918,110.74197120708749
* chi Oph,Ophiuchus,246.75598124999993,-18.45624972222222,4.429999828338623,152.9005229197884
* psi Oph,Ophiuchus,246.02574041666662,-20.03732,4.5,59.4516182730494
* bet Oph,Ophiuchus,265.8681329166666,4.567303611111111,2.75,25.491735579325184
* kap Oph,Ophiuchus,254.41707291666663,9.37502888888889,3.200000047683716,26.94509936005389
* alf Oph,Ophiuchus,263.73362249999997,12.560037222222222,2.069999933242798,14.896469536719799
* d Oph,Ophiuchus,261.8386483333333,-29.867034722222222,4.269000053405762,34.345259152152934
* zet Oph,Ophiuchus,249.28974999999997,-10.567085833333334,2.559999942779541,134.97462477054313
* phi Oph,Ophiuchus,247.78486208333328,-16.612730833333334,4.269999980926514,73.41065922771986
* lam Ori,Orion,83.78448999999998,9.934155833333334,3.6600000858306885,336.70033670033666
* chi02 Ori,Orion,90.97993458333332,20.13845222222222,4.630000114440918,1309.5861707700367
* del Ori,Orion,83.00166666666665,-0.299095,2.4100000858306885,212.31422505307856
* chi01 Ori,Orion,88.59576208333333,20.276172777777777,4.400000095367432,8.663259118080221
* gam Ori,Orion,81.28276333333334,6.349703055555556,1.6399999856948853,77.39938080495357
* pi.06 Ori,Orion,74.6370925,1.7140133333333334,4.459000110626221,237.56919202717793
* nu. Ori,Orion,91.89302124999999,14.768475,4.396999835968018,185.0686604730355
* pi.02 Ori,Orion,72.65301,8.900181111111111,4.349999904632568,67.08797917589126
* eta Ori,Orion,81.11923624999999,-2.3971475,3.3499999046325684,299.4011976047904
* eps Ori,Orion,84.05338875,-1.2019188888888888,1.690000057220459,606.0606060606061
*  11 Ori,Orion,76.14228791666665,15.404101944444445,4.660999774932861,128.09345698621715
* ksi Ori,Orion,92.98498749999999,14.208767222222221,4.480000019073486,221.0677572676025
* pi.05 Ori,Orion,73.56290416666666,2.440671388888889,3.7300000190734863,303.5361966914554
* pi.04 Ori,Orion,72.80152374999999,5.605103611111111,3.680000066757202,258.2978173834431
* zet Ori,Orion,85.18969416666665,-1.9425733333333333,1.7699999809265137,225.73363431151242
* alf Ori,Orion,88.79293874999999,7.40706388888889,0.41999998688697815,152.67175572519085
* bet Ori,Orion,78.63446708333332,-8.201638333333333,0.12999999523162842,264.55026455026456
* mu. Ori,Orion,90.59581916666666,9.647272777777777,NaN,47.50593824228029
* pi.03 Ori,Orion,72.46004666666666,6.961277777777778,3.190000057220459,8.024407036442042
* omi02 Ori,Orion,74.09281624999998,13.514468611111111,4.059999942779541,55.277937469597134
* pi.01 Ori,Orion,73.72386666666667,10.150834166666668,4.6479997634887695,37.02784864496588
* kap Ori,Orion,86.93911999999999,-9.669604722222221,2.059999942779541,198.4126984126984
* alf Pav,Pavo,306.41190416666666,-56.73508972222222,1.9179999828338623,54.824561403508774
* ksi Pav,Pavo,275.8068220833333,-61.49391166666667,4.367000102996826,227.06114756703982
* zet Pav,Pavo,280.75890124999995,-71.42811555555556,4.002999782562256,66.0087791676293
* eta Pav,Pavo,266.43328124999994,-64.7238713888889,3.5810000896453857,112.7993412518471
* gam Pav,Pavo,321.61085375,-65.36619805555554,4.21999979019165,9.258384856245058
* eps Pav,Pavo,300.14813124999995,-72.91050333333334,3.940000057220459,31.990479633261142
* pi. Pav,Pavo,272.14506624999996,-63.66856194444444,4.328000068664551,41.04803851947935
* kap Pav,Pavo,284.23762041666663,-67.23349472222222,4.400000095367432,190.65413433490306
* del Pav,Pavo,302.1817033333333,-66.18206722222223,3.559999942779541,6.099256866543381
* bet Pav,Pavo,311.23955624999996,-66.20321138888889,3.4079999923706055,42.01486485918718
* lam Pav,Pavo,283.0543075,-62.18759083333333,4.206999778747559,336.4058400053825
* eps Peg,Pegasus,326.04648374999994,9.875008611111111,2.390000104904175,211.4164904862579
* tet Peg,Pegasus,332.5499525,6.197921388888889,3.549999952316284,27.19771104063882
* gam Peg,Pegasus,3.3089679166666666,15.183598333333334,2.8399999141693115,143.93873967239543
*  42 Peg,Pegasus,340.3655029166666,10.831363055555554,3.4100000858306885,62.65664160401002
* mu. Peg,Pegasus,342.50080416666657,24.601581111111113,3.4800000190734863,34.56141563558443
* lam Peg,Pegasus,341.63282458333333,23.565655833333334,3.930000066757202,116.29664949352811
* bet Peg,Pegasus,345.94357249999996,28.082786944444443,2.4200000762939453,60.09615384615385
* alf Peg,Pegasus,346.19022249999995,15.205266944444444,2.4800000190734863,40.88307440719542
* kap Peg,Pegasus,326.16139666666663,25.6450375,4.135000228881836,34.22313483915127
* pi. Peg,Pegasus,332.4968458333332,33.17822222222222,4.289999961853027,89.2936869363336
* eta Peg,Pegasus,340.7505366666666,30.221214444444442,2.950000047683716,60.12939846549775
* iot Peg,Pegasus,331.75277291666663,25.345098888888888,3.7699999809265137,11.903996647834544
* c Per,Perseus,62.16538958333333,47.71251055555556,4.03000020980835,156.84798293493944
* ksi Per,Perseus,59.74126,35.79103027777778,4.059999942779541,408.8808929958703
* phi Per,Perseus,25.915157916666665,50.68873138888888,4.059999942779541,185.02072232089995
* bet Per,Perseus,47.04221833333333,40.95564666666667,2.119999885559082,27.570995312930794
* zet Per,Perseus,58.53300999999999,31.88363361111111,2.8499999046325684,259.36300446104366
* iot Per,Perseus,47.26674708333333,49.613278333333334,NaN,10.57739905988077
* tau Per,Perseus,43.564490416666665,52.76246722222222,3.9600000381469727,80.82375571828072
* lam Per,Perseus,61.64601041666666,50.351261388888894,4.289999961853027,132.87447348489883
* alf Per,Perseus,51.08070833333333,49.861179166666666,1.7899999618530273,155.27950310559007
* del Per,Perseus,55.73121999999999,47.78749666666666,3.009999990463257,160.16657323616562
* rho Per,Perseus,46.29414083333333,38.840276111111116,3.390000104904175,94.33962264150944
* eps Per,Perseus,59.46349708333333,40.010199722222225,2.890000104904175,187.56095731112612
* gam Per,Perseus,46.199250416666665,53.50646166666667,2.930000066757202,70.7954577634299
* tet Per,Perseus,41.04994416666666,49.22844833333333,4.110000133514404,11.150136589173217
* eta Per,Perseus,42.67420791666666,55.895494166666666,3.7899999618530273,306.2130630492697
* omi Per,Perseus,56.07972375,32.288246388888886,3.9100000858306885,330.86289041821067
* b Per,Perseus,64.56092249999999,50.29549305555555,4.593999862670898,117.00422385248108
* kap Per,Perseus,47.374181666666665,44.857458055555554,3.809999942779541,34.805126098971854
* mu. Per,Perseus,63.72443125,48.409330555555556,4.159999847412109,253.8393197106232
* alf Phe,Phoenix,6.571047499999999,-42.30598694444444,2.380000114440918,25.974025974025974
* del Phe,Phoenix,22.81293333333333,-49.07270277777778,3.934999942779541,43.872156535854515
* gam Phe,Phoenix,22.091369166666667,-43.31823472222223,3.4200000762939453,74.84357692422836
* bet Phe,Phoenix,16.520997916666666,-46.71841055555556,3.299999952316284,8333.333333333334
* eps Phe,Phoenix,2.3526666666666665,-45.74742388888889,3.869999885559082,44.23193457212238
* zet Phe,Phoenix,17.096168749999997,-55.245760000000004,4.013999938964844,89.22198429693076
* alf Pic,Pictor,102.04772958333332,-61.94138888888889,3.2300000190734863,29.60331557134399
* gam Pic,Pictor,87.45691666666666,-56.16666583333333,4.49399995803833,56.894472133087554
* bet Pic,Pictor,86.82119833333331,-51.066511388888884,3.859999895095825,19.63452298908124
* tau Psc,Pisces,17.915071249999997,30.089637777777778,4.511000156402588,52.72787670113313
* tet Psc,Pisces,351.9920608333333,6.378992222222222,4.300000190734863,51.96586881736076
* iot Psc,Pisces,354.9876691666666,5.626292500000001,4.119999885559082,13.654300421917885
* eta Psc,Pisces,22.87086708333333,15.345831666666667,3.619999885559082,114.50163164825099
* eps Psc,Pisces,15.735867916666667,7.890133055555555,4.28000020980835,56.15642934959623
* gam Psc,Pisces,349.2914045833333,3.282290277777778,3.700000047683716,41.32948693574918
* kap Psc,Pisces,351.73314916666664,1.2556047222222222,4.940000057220459,49.22374159504612
* lam Psc,Pisces,355.51168874999996,1.7800419444444444,4.510000228881836,32.05436420168606
* phi Psc,Pisces,18.437275,24.5836975,4.659999847412109,122.24042246290003
* del Psc,Pisces,12.170601249999999,7.5850816666666665,4.440000057220459,92.1005369461304
* nu. Psc,Pisces,25.35789208333333,5.487611388888889,4.440000057220459,112.01344161299356
* ups Psc,Pisces,19.866639999999997,27.26405861111111,4.748000144958496,98.52022620243936
* omi Psc,Pisces,26.34843833333333,9.157750555555555,4.260000228881836,79.8110075341591
* alf Psc,Pisces,30.511748749999995,2.763761388888889,NaN,46.16805170821791
* ome Psc,Pisces,359.8278758333333,6.863322222222222,NaN,33.02848045869953
* bet PsA,Piscis Austrinus,337.8763770833333,-32.34607527777778,4.289999961853027,45.28247206071474
* iot PsA,Piscis Austrinus,326.23670666666663,-33.02578166666667,4.340000152587891,65.21200422573787
* mu. PsA,Piscis Austrinus,332.0958804166666,-32.98846972222222,4.5,36.91562564602345
* alf PsA,Piscis Austrinus,344.41269249999993,-29.622236944444445,1.159999966621399,7.7035667514059005
* gam PsA,Piscis Austrinus,343.1313754166667,-32.875460277777776,4.510000228881836,68.33401667350007
* eps PsA,Piscis Austrinus,340.1639508333333,-27.04361527777778,4.177000045776367,168.8647224708286
* tet PsA,Piscis Austrinus,326.93395791666666,-30.89830611111111,5.017000198364258,98.4251968503937
* del PsA,Piscis Austrinus,343.98708374999995,-32.53962388888889,4.208000183105469,52.18716404513146
* ksi Pup,Puppis,117.32355625,-24.859783611111112,3.299999952316284,332.6790645064706
* p Pup,Puppis,113.84538166666665,-28.369334722222224,4.630000114440918,73.4295260124096
* omi Pup,Puppis,117.02153583333332,-25.937169444444443,4.489999771118164,332.1155762205247
* zet Pup,Pyxis,120.89603125,-40.00314777777778,2.25,332.22591362126246
* rho Pup,Puppis,121.88603666666667,-24.304324166666667,2.809999942779541,19.455290769048187
* k02 Pup,Puppis,114.70779458333331,-26.803846944444444,4.428999900817871,120.39779431240821
* nu. Pup,Puppis,99.4403025,-43.19593555555555,3.1700000762939453,113.38639816767581
* l Pup,Puppis,115.95195666666666,-28.95482611111111,3.930000066757202,1027.5380189066996
* pi. Pup,Puppis,109.28565833333332,-37.09747333333333,2.700000047683716,173.54783846167194
* gam Pyx,Pyxis,132.63301041666665,-27.70984138888889,4.010000228881836,64.45707803173866
* bet Pyx,Pyxis,130.02559666666664,-35.308355,3.9539999961853027,118.206104163219
* alf Pyx,Pyxis,130.89807249999998,-33.18638305555555,3.680000066757202,243.37413906398305
* eps Ret,Reticulum,64.12095041666666,-59.30215416666666,4.440000057220459,18.440453930213945
* del Ret,Reticulum,59.68645374999999,-61.40018555555555,4.570000171661377,165.6122685568547
* bet Ret,Reticulum,56.049922499999994,-64.80691388888889,3.8329999446868896,32.851079486471924
* alf Ret,Reticulum,63.606125,-62.473803333333336,3.359999895095825,49.1567165279628
* gam Sge,Sagitta,299.6892841666666,19.49214611111111,3.4700000286102295,88.20286659316427
* del Sge,Sagitta,296.8469395833333,18.534313333333333,3.809999942779541,167.57716928645644
* bet Sge,Sagitta,295.2622454166666,17.47604222222222,4.380000114440918,135.56748549427905
* alf Sge,Sagitta,295.02413041666665,18.013890555555555,4.380000114440918,130.97062328919623
* eps Sgr,Sagittarius,276.0429933333333,-34.38461638888889,1.809999942779541,43.936731107205624
* omi Sgr,Sagittarius,286.1707583333333,-21.741495833333335,3.7699999809265137,41.99545609165088
* phi Sgr,Sagittarius,281.41412291666666,-26.9907825,3.140000104904175,82.26931683559299
* eta Sgr,Sagittarius,274.40682125,-36.76169,3.109999895095825,41.86570319728376
* rho01 Sgr,Sagittarius,290.4181658333333,-17.84719833333333,3.930000066757202,39.99824007743659
* pi. Sgr,Sagittarius,287.44097041666663,-21.02361388888889,2.880000114440918,156.25
* del Sgr,Sagittarius,275.2485116666666,-29.82810222222222,2.6679999828338623,127.440485293368
* mu. Sgr,Sagittarius,273.44086999999996,-21.058831666666666,3.8499999046325684,11111.111111111111
* tau Sgr,Sagittarius,286.7350129166667,-27.670415555555557,3.309999942779541,35.31135789826798
* ksi02 Sgr,Sagittarius,284.43250041666664,-21.1066575,3.509999990463257,118.91737620701136
* sig Sgr,Sagittarius,283.8163604166666,-26.29672388888889,2.066999912261963,69.83240223463687
* zet Sgr,Sagittarius,285.6530425,-29.880063055555556,2.5899999141693115,27.041644131963224
* gam02 Sgr,Sagittarius,271.45203333333325,-30.424089722222224,2.990000009536743,30.988822331784924
* lam Sgr,Sagittarius,276.9926695833333,-25.421698333333335,2.809999942779541,23.29926980088444
* mu.01 Sco,Scorpius,252.96761791666663,-38.047399444444444,2.9800000190734863,533.8458253256459
* lam Sco,Scorpius,263.4021670833333,-37.10382333333334,1.6299999952316284,175.13134851138355
* kap Sco,Scorpius,265.62197999999995,-39.029983055555554,2.385999917984009,148.14814814814815
* bet01 Sco,Scorpius,241.3592995833333,-19.805452777777777,2.619999885559082,123.91573729863693
* eps Sco,Scorpius,252.54087833333327,-34.293231388888884,2.2899999618530273,19.535065442469232
* rho Sco,Scorpius,239.22115499999995,-29.214074166666666,3.859999895095825,136.57843699636703
* del Sco,Scorpius,240.08335499999995,-22.62170638888889,2.319999933242798,150.60240963855424
* eta Sco,Scorpius,258.0383083333333,-43.23918944444445,3.3299999237060547,22.436062829950348
* tet Sco,Scorpius,264.3297075,-42.99782777777778,1.850000023841858,92.08103130755065
* alf Sco,Scorpius,247.35191541666666,-26.432002500000003,0.9100000262260437,169.77928692699493
* iot01 Sco,Scorpius,266.89616416666667,-40.12699722222222,2.992000102996826,705.3678493334274
* ups Sco,Scorpius,262.69098791666664,-37.29581333333333,2.6500000953674316,176.67844522968198
* sig Sco,Scorpius,245.29714875,-25.592791944444443,2.890000104904175,213.67521367521368
* G Sco,Scorpius,267.4645033333333,-37.04327611111111,3.2100000381469727,40.430177084175625
* nu. Sco,Scorpius,242.99889833333333,-19.460704444444445,4.0,145.34883720930233
* tau Sco,Scorpius,248.9706366666666,-28.216016944444444,2.809999942779541,145.34883720930233
* pi. Sco,Scorpius,239.71297166666665,-26.11410777777778,2.9100000858306885,179.53321364452424
* zet02 Sco,Scorpius,253.6458541666666,-42.361315833333336,3.619999885559082,41.262125907251
* gam Scl,Sculptor,349.7059895833333,-32.532021666666665,4.406000137329102,57.83388950257071
* del Scl,Sculptor,357.23144249999996,-28.13027111111111,4.570000171661377,43.9954948613262
* bet Scl,Sculptor,353.24275291666663,-37.818284722222224,4.369999885559082,56.161790887187806
* alf Scl,Sculptor,14.651496666666665,-29.357453333333336,4.269999980926514,216.33783316026307
* alf Sct,Scutum,278.8017795833333,-8.244070277777777,3.8299999237060547,56.51250056512501
* gam Sct,Scutum,277.2993770833333,-14.565802777777778,4.675000190734863,96.50553459240888
* del Sct,Scutum,280.568445,-9.052552222222223,4.710000038146973,61.76690405746792
* bet Sct,Scutum,281.79364250000003,-4.747872777777778,4.21999979019165,205.97746606521247
* bet Ser,Serpens,236.54689625,15.421819166666666,3.6700000762939453,46.312591467368144
* kap Ser,Serpens,237.184905,18.14156472222222,4.090000152587891,117.328202179958
* tet01 Ser,Serpens,284.05494624999994,4.203606111111111,4.570000171661377,41.20381052839767
* alf Ser,Serpens,236.06697541666662,6.42563,2.630000114440918,22.755717373990215
* ksi Ser,Serpens,264.3966654166666,-15.398555555555555,3.5190000534057617,30.41103555658277
* eta Ser,Serpens,275.32750166666665,-2.8988277777777776,3.25,19.068939938559875
* gam Ser,Serpens,239.1132608333333,15.661613611111111,3.8399999141693115,11.165113041186986
* eps Ser,Serpens,237.70402166666665,4.477730833333333,3.693000078201294,22.060786290544964
* iot Ser,Serpens,235.38772749999998,19.67039916666667,4.505000114440918,58.27505827505828
* del Ser,Serpens,233.70061499999997,10.538867777777778,NaN,69.93006993006993
* mu. Ser,Serpens,237.40502874999999,-3.4302041666666665,3.5299999713897705,52.002080083203325
* del Sex,Sextans,157.36959499999998,-2.7390755555555555,5.179999828338623,106.20220900594732
* bet Sex,Sextans,157.57283416666664,-0.6370316666666667,5.099999904632568,112.48720458047896
* alf Sex,Sextans,151.98451541666665,-0.3716702777777777,4.489999771118164,130.57898722937506
* gam Sex,Sextans,148.12682166666667,-8.105034999999999,NaN,85.1063829787234
* del Tau,Taurus,65.73372958333331,17.54251361111111,3.759999990463257,49.23876863687393
* alf Tau,Taurus,68.98016249999999,16.50930222222222,0.8600000143051147,20.43318348998774
* tet02 Tau,Taurus,67.16559,15.870874444444445,3.4100000858306885,45.845272206303726
* omi Tau,Taurus,51.20332624999999,9.028869444444446,3.5999999046325684,66.31827466376635
*  10 Tau,Taurus,54.21826541666666,0.4016644444444445,4.300000190734863,13.920403134874785
* nu. Tau,Taurus,60.789079583333326,5.989300555555555,3.882999897003174,37.83679476944149
* eps Tau,Taurus,67.1541675,19.180434166666668,3.5299999713897705,44.71192109240165
* zet Tau,Taurus,84.41118916666666,21.142543888888888,3.0299999713897705,136.4256480218281
* ksi Tau,Taurus,51.79225208333333,9.732741944444445,3.75,59.554295651345335
* gam Tau,Taurus,64.94834958333333,15.627641944444445,3.6500000953674316,46.15846200004616
* lam Tau,Taurus,60.17006958333332,12.490344166666667,3.4100000858306885,124.38275060014678
* alf Tel,Telescopium,276.7434016666666,-45.9684575,3.4630000591278076,85.69274011105779
* zet Tel,Telescopium,277.2077470833333,-49.07058805555556,4.110000133514404,37.45542804063165
* eps Tel,Telescopium,272.8073383333333,-45.95441166666667,4.507999897003174,124.37037497668055
* gam TrA,Triangulum Australe,229.72742166666666,-68.67954666666667,2.890000104904175,58.204168582553876
* bet TrA,Triangulum Australe,238.78567499999994,-63.430726388888885,2.8499999046325684,12.424613656638346
* alf TrA,Triangulum Australe,252.16622916666665,-69.02771166666666,1.8799999952316284,119.76047904191617
* bet Tri,Triangulum,32.385946249999996,34.987296944444445,3.0,38.895371450797356
* gam Tri,Triangulum,34.32861333333333,33.84719666666667,4.0,35.740452831537375
* alf Tri,Triangulum,28.270439166666662,29.57881861111111,3.4200000762939453,19.48140499892852
* zet Tuc,Tucana,5.017744166666666,-64.8747936111111,4.230000019073486,8.607140828316805
* alf Tuc,Tucana,334.6254683333333,-60.25962944444444,2.819999933242798,56.39394554600619
* eps Tuc,Tucana,359.97907125,-65.57713249999999,4.46999979019165,108.87079214388363
* gam Tuc,Tucana,349.3573183333333,-58.23570111111111,3.9800000190734863,22.685613691221572
* del Tuc,Tucana,336.8331791666666,-64.96636000000001,4.489999771118164,86.22399268820543
* bet01 Tuc,Tucana,7.886116666666667,-62.958217222222224,4.289000034332275,43.785904441642145
* kap UMa,Ursa Major,135.906365,47.15652472222222,3.549999952316284,109.8901098901099
* ksi UMa,Ursa Major,169.54554916666666,31.52928888888889,3.7899999618530273,NaN
* gam UMa,Ursa Major,178.4576970833333,53.694759722222216,2.440000057220459,25.50369803621525
* h UMa,Ursa Major,142.88211666666666,63.061859722222216,3.6700000762939453,23.75838671050881
* tet UMa,Ursa Major,143.21429541666666,51.67731472222222,3.180000066757202,13.544923091926684
* mu. UMa,Ursa Major,155.5821983333333,41.499538055555554,3.049999952316284,56.18387859787512
* nu. UMa,Ursa Major,169.61973833333332,33.09430583333334,3.490000009536743,125.27717575134986
* eps UMa,Ursa Major,193.50728958333332,55.95982277777778,1.7699999809265137,25.31004808909137
* omi UMa,Ursa Major,127.56612541666664,60.71816805555556,3.4200000762939453,55.761563554242066
* chi UMa,Ursa Major,176.51255833333332,47.779404166666666,3.7200000286102295,60.833911255490264
* eta UMa,Ursa Major,206.8851570833333,49.313266666666664,1.8600000143051147,31.86743148502231
* bet UMa,Ursa Major,165.46033208333333,56.38243361111111,2.369999885559082,25.904655325608566
* iot UMa,Ursa Major,134.80189,48.04182611111111,3.140000104904175,14.509576320371444
* lam UMa,Ursa Major,154.27408,42.91441361111111,3.450000047683716,69.15916289749228
* zet01 UMa,Ursa Major,200.9814258333333,54.92535972222222,2.2200000286102295,24.86739461819846
* psi UMa,Ursa Major,167.4158675,44.4984875,3.009999990463257,43.052972377212924
* ups UMa,Ursa Major,147.747325,59.03873361111111,3.809999942779541,35.23819256262708
* alf UMa,Ursa Major,165.93196458333333,61.75103444444444,1.7899999618530273,37.67897513187641
* del UMa,Ursa Major,183.85649916666665,57.03261694444444,3.319999933242798,24.796728815534657
* del UMi,Ursa Minor,263.05415916666664,86.58645944444444,4.335999965667725,55.92778604266172
* alf UMi,Ursa Minor,37.95456041666666,89.26410888888888,2.0199999809265137,132.6259946949602
* eta UMi,Ursa Minor,244.37612583333333,75.75534305555556,NaN,29.9230976390676
* bet UMi,Ursa Minor,222.6763575,74.1555038888889,2.0799999237060547,40.14452027298274
* zet UMi,Ursa Minor,236.01466041666663,77.79449305555555,4.27400016784668,110.09941977605777
* gam UMi,Ursa Minor,230.18209791666663,71.83402527777777,3.002000093460083,151.6093330705438
* eps UMi,Ursa Minor,251.49268166666664,82.03725805555555,4.211999893188477,101.3818344029117
* phi Vel,Vela,149.21558666666664,-54.56778805555556,3.450000047683716,525.4860746190226
* psi Vel,Vela,142.67499791666663,-40.46673916666667,3.5999999046325684,18.814675446848543
* q Vel,Vela,153.68398166666665,-42.12194111111111,3.8499999046325684,31.608659508358908
* mu. Vel,Vela,161.69239583333334,-49.42025972222222,2.690000057220459,34.422696949460594
* lam Vel,Vela,136.99899083333332,-43.43259083333333,2.2100000381469727,166.9449081803005
* kap Vel,Vela,140.52840666666665,-55.010666944444445,2.4730000495910645,175.43859649122805
* 109 Vir,Virgo,221.56218083333331,1.8928836111111111,3.7300000190734863,41.183786766825634
* tau Vir,Virgo,210.4116395833333,1.5445305555555555,4.236999988555908,69.52604097864855
* zet Vir,Virgo,203.6732970833333,-0.5958163888888889,3.380000114440918,22.858867068830335
* tet Vir,Virgo,197.48745375,-5.539003888888889,4.396999835968018,89.41824489868912
* omi Vir,Virgo,181.30221583333332,8.733018333333334,4.119999885559082,51.298887840111625
* bet Vir,Virgo,177.67382708333332,1.7647225,3.5999999046325684,11.001765783408239
* eps Vir,Virgo,195.54415416666663,10.959148611111111,2.7899999618530273,33.100526298368145
* del Vir,Virgo,193.90086916666664,3.3974688888888886,3.380000114440918,57.44980323442392
* alf Vir,Virgo,201.2982470833333,-11.161319444444445,0.9700000286102295,76.5696784073507
* mu. Vir,Virgo,220.7650995833333,-5.6582011111111115,3.880000114440918,19.163879919128426
* nu. Vir,Virgo,176.46483124999997,6.529374444444445,4.039999961853027,101.57853036182273
* gam Vir,Virgo,190.41511749999998,-1.449403888888889,2.740000009536743,12.02016984499991
* iot Vir,Virgo,214.0036175,-6.000546944444444,4.079999923706055,22.025752509834497
* eta Vir,Virgo,184.97642624999997,-0.666796111111111,3.9000000953674316,75.93475685690855
* del Vol,Volans,109.20759124999998,-67.9571525,3.990000009536743,210.42885400446107
* alf Vol,Volans,135.61164999999997,-66.39607444444445,3.990000009536743,38.5032997327871
* eps Vol,Volans,121.98247666666667,-68.61706444444444,4.3979997634887695,197.64017629503724
* gam02 Vol,Volans,107.18693999999999,-70.49893027777777,3.746000051498413,40.85384536819528
* bet Vol,Volans,126.43414583333332,-66.13688777777779,3.759000062942505,33.098554255150134
* alf Vul,Vulpecula,292.1763745833333,24.664905833333332,4.449999809265137,89.09638446871826
*  13 Vul A,Vulpecula,298.36539874999994,24.079613333333334,4.639999866485596,103.79689024516826
